"DESCRIPTION","DURATION IN MS","NAME","PARENT SUITE","START TIME","STATUS","STOP TIME","SUB SUITE","SUITE","TEST CLASS","TEST METHOD"
"Параметризованный тест с неверным  {name_test}  для проверки ошибки 401 при неверном логине, пароле или несуществующем юзере","620","Логин пользователя с некорректными данными","tests","2026-10-04","passed","2026-10-04","Логин пользователя","API Авторизация","",""
"Параметризованный тест для проверки ошибки 403 при попытке зарегистрироваться без логина, пароля или имени","565","Регистрация пользователя без обязательного поля","tests","2026-10-04","passed","2026-10-04","Регистрация нового пользователя","API Пользователи","",""
"Параметризованный тест с неверным  {name_test}  для проверки ошибки 401 при неверном логине, пароле или несуществующем юзере","613","Логин пользователя с некорректными данными","tests","2026-10-04","passed","2026-10-04","Логин пользователя","API Авторизация","",""
"Проверка возможности создания заказа без передачи токена авторизации (ожидается код 200)","675","Создание заказа неавторизованным пользователем с ингредиентами","tests","2026-10-04","passed","2026-10-04","Создание заказа","API Заказы","",""
"Параметризованный тест с неверным  {name_test}  для проверки ошибки 401 при неверном логине, пароле или несуществующем юзере","550","Логин пользователя с некорректными данными","tests","2026-10-04","passed","2026-10-04","Логин пользователя","API Авторизация","",""
"Параметризованный тест для проверки ошибки 403 при попытке зарегистрироваться без логина, пароля или имени","571","Регистрация пользователя без обязательного поля","tests","2026-10-04","passed","2026-10-04","Регистрация нового пользователя","API Пользователи","",""
"Проверка создания нового аккаунта с генерацией уникальных данных, получение статус-кода 200 и токенов","636","Успешная регистрация уникального пользователя","tests","2026-10-04","passed","2026-10-04","Регистрация нового пользователя","API Пользователи","",""
"Проверка, что при передаче несуществующих или некорректных хэшей ингредиентов возвращается серверная ошибка 500","522","Создание заказа авторизованным пользователем с неверным ID ингредиентов","tests","2026-10-04","passed","2026-10-04","Создание заказа","API Заказы","",""
"Проверка, что при пустом списке ингредиентов возвращается ошибка 400 со специальным сообщением","546","Создание заказа авторизованным пользователем без ингредиентов","tests","2026-10-04","passed","2026-10-04","Создание заказа","API Заказы","",""
"Проверка, что при вводе корректных данных возвращается статус 200 и токены авторизации","659","Успешный логин зарегистрированного пользователя","tests","2026-10-04","passed","2026-10-04","Логин пользователя","API Авторизация","",""
"Проверка, что при наличии токена и валидных ID ингредиентов возвращается статус 200 и номер заказа","545","Создание заказа авторизованным пользователем с ингредиентами","tests","2026-10-04","passed","2026-10-04","Создание заказа","API Заказы","",""
"Параметризованный тест для проверки ошибки 403 при попытке зарегистрироваться без логина, пароля или имени","524","Регистрация пользователя без обязательного поля","tests","2026-10-04","passed","2026-10-04","Регистрация нового пользователя","API Пользователи","",""
"Проверка возвращения кода 403 и сообщения о дубликате при попытке создать юзера с занятым email","1170","Попытка регистрации уже существующего пользователя","tests","2026-10-04","passed","2026-10-04","Регистрация нового пользователя","API Пользователи","",""
